﻿{"cameraMode":{"drawMode":0,"name":"Shaded","section":"Shading Mode"},"sceneLighting":true,"audioPlay":false,"sceneViewState":{"showFog":true,"showMaterialUpdate":false,"showSkybox":true,"showFlares":true,"showImageEffects":true,"showParticleSystems":true},"in2DMode":false,"pivot":{"x":-19.688982009887697,"y":-47.66862487792969,"z":72.7235336303711},"rotation":{"x":-0.2779834568500519,"y":0.11549468338489533,"z":-0.033687882125377658,"w":-0.9530222415924072},"size":101.64248657226563,"orthographic":false}